<?xml version='1.0' encoding='UTF-8'?>
<?artifactRepository version='1.1.0'?>
<repository name='file:/Users/fernandomelone/AnypointStudio/workspace/shopify-connector/target/update-site/ - artifacts' type='org.eclipse.equinox.p2.artifact.repository.simpleRepository' version='1'>
  <properties size='2'>
    <property name='p2.timestamp' value='1455911167033'/>
    <property name='p2.compressed' value='false'/>
  </properties>
  <mappings size='3'>
    <rule filter='(&amp; (classifier=osgi.bundle))' output='${repoUrl}/plugins/${id}_${version}.jar'/>
    <rule filter='(&amp; (classifier=binary))' output='${repoUrl}/binary/${id}_${version}'/>
    <rule filter='(&amp; (classifier=org.eclipse.update.feature))' output='${repoUrl}/features/${id}_${version}.jar'/>
  </mappings>
  <artifacts size='2'>
    <artifact classifier='org.eclipse.update.feature' id='org.mule.tooling.ui.extension.shopify-connector.3.5.0' version='1.0.0.201602191646'>
      <properties size='4'>
        <property name='artifact.size' value='647'/>
        <property name='download.size' value='647'/>
        <property name='download.md5' value='2e001fd789c79b5b7d1fa12a0bc631e5'/>
        <property name='download.contentType' value='application/zip'/>
      </properties>
    </artifact>
    <artifact classifier='osgi.bundle' id='org.mule.tooling.ui.contribution.shopify.3.5.0' version='1.0.0.201602191646'>
      <properties size='3'>
        <property name='artifact.size' value='1889213'/>
        <property name='download.size' value='1889213'/>
        <property name='download.md5' value='ff3131eea33bf2e049668d9aa09361c6'/>
      </properties>
    </artifact>
  </artifacts>
</repository>
